{
    "LINE_DIVIDER": "#00ffffff",
    "HTML_TAG": "#E06C75",
    "ATTRIBUTE_NAME": "#D19A66",
    "ATTRIBUTE_VALUE": "#98C379",
    "TEXT_INLAY_HINT_FOREGROUND": "#98C379",
    "COMPLETION_WND_BACKGROUND": "#2c313a",
    "ANNOTATION": "#C678DD",
    "FUNCTION_NAME": "#61AFEF",
    "IDENTIFIER_NAME": "#ABB2BF",
    "IDENTIFIER_VAR": "#ABB2BF",
    "LITERAL": "#D19A66",
    "KEYWORD": "#C678DD",
    "COMMENT": "#5C6370",
    "OPERATOR": "#ABB2BF",
    "WHOLE_BACKGROUND": "#282C34",
    "LINE_NUMBER_BACKGROUND": "#282C34",
    "SELECTION_HANDLE": "#528BFF",
    "SELECTION_INSERT": "#528BFF",
    "SELECTED_TEXT_BACKGROUND": "#3E4451",
    "MATCHED_TEXT_BACKGROUND": "#3E4451",
    "SNIPPET_BACKGROUND_EDITING": "#3E4451",
    "SNIPPET_BACKGROUND_INACTIVE": "#3E4451",
    "SNIPPET_BACKGROUND_RELATED": "#3E4451",
    "NON_PRINTABLE_CHAR": "#ABB2BF",
    "CURRENT_LINE": "#2c313c",
    "LINE_NUMBER": "#636D83",
    "LINE_NUMBER_CURRENT": "#ABB2BF",
    "TEXT_NORMAL": "#ABB2BF",
    "BLOCK_LINE": "#2c313c",
    "BLOCK_LINE_CURRENT": "#626772",
    "TEXT_SELECTED": "#ffffff"
}