{
    "LINE_DIVIDER": "#00ffffff",
    "HTML_TAG": "#4B69C6",
    "ATTRIBUTE_NAME": "#8190A0",
    "ATTRIBUTE_VALUE": "#448C27",
    "TEXT_INLAY_HINT_FOREGROUND": "#448C27",
    "ANNOTATION": "#7A3E9D",
    "FUNCTION_NAME": "#AA3731",
    "IDENTIFIER_NAME": "#7A3E9D",
    "IDENTIFIER_VAR": "#7A3E9D",
    "LITERAL": "#9C5D27",
    "OPERATOR": "#777777",
    "COMMENT": "#AAAAAA",
    "KEYWORD": "#7A3E9D",
    "WHOLE_BACKGROUND": "#fffbfb",
    "TEXT_NORMAL": "#333333",
    "LINE_NUMBER_BACKGROUND": "#fffbfb",
    "LINE_NUMBER": "#6D705B",
    "LINE_NUMBER_CURRENT": "#9769dc",
    "SELECTED_TEXT_BACKGROUND": "#C9D0D9",
    "MATCHED_TEXT_BACKGROUND": "#C9D0D9",
    "SNIPPET_BACKGROUND_EDITING": "#C9D0D9",
    "SNIPPET_BACKGROUND_INACTIVE": "#C9D0D9",
    "SNIPPET_BACKGROUND_RELATED": "#C9D0D9",
    "CURRENT_LINE": "#E4F6D4",
    "SELECTION_INSERT": "#54494B",
    "SELECTION_HANDLE": "#536cfc",
    "BLOCK_LINE": "#aaaaaa60",
    "BLOCK_LINE_CURRENT": "#777777b0",
    "TEXT_SELECTED": "#ffffff",
    "NON_PRINTABLE_CHAR": "#AAAAAA"
}